region_type,n_variants,n_proteins,mean_DMS_score_z,median_DMS_score_z,structure_coverage,mean_plddt,mean_ca_neighbors_10A,mean_knn_ca_dist_5
IDR,11813,18,0.03055649917901504,0.2743586152483153,0.9938203673918564,72.29983730834752,9.939352640545145,5.288439949773239
ordered,36893,26,-0.009784076242151782,0.18133801046050532,0.966985607025723,90.00905564120532,15.9156271899089,4.851054767576564
