region_type,n_variants,n_proteins,mean_DMS_score_z,median_DMS_score_z,mean_plddt
IDR,11813,18,0.03055649917901504,0.2743586152483153,
ordered,36893,26,-0.009784076242151782,0.18133801046050532,
